hohezawyha@mailinator.com,"Fuga Quo fugit non","Ut cum laudantium e",Pa$$w0rd!
alef@gmail.com,alef,asd,asd
dudacuzi@mailinator.com,"Aut aut occaecat mol","Tempora non sed volu",Pa$$w0rd!
bigecom@mailinator.com,"Ipsum provident ex","In corporis pariatur",Pa$$w0rd!
mesu@mailinator.com,"Nam quasi dolor rem ","Quo eum eligendi neq",Pa$$w0rd!
qatow@mailinator.com,"Magni aperiam modi n","Omnis ad amet volup",Pa$$w0rd!
suqugo@mailinator.com,"Eiusmod in nulla et ","Repudiandae illo vol",Pa$$w0rd!
woviz@mailinator.com,"Ullam voluptas iusto","Eum aute tempor mole",Pa$$w0rd!
tafoxytuw@mailinator.com,"In quis cum qui aspe","Non voluptatem sint ",Pa$$w0rd!
nyvuwyquq@mailinator.com,"Culpa pariatur Ips","Tempore aliquam par",Pa$$w0rd!
qinopodat@mailinator.com,"Dolor id distinctio","Tempora dolorum labo",Pa$$w0rd!
jibegytihu@mailinator.com,"Ipsum est nemo atq","Sequi culpa cupidita",Pa$$w0rd!
foqawabeq@mailinator.com,"Nostrum id expedita ","Modi quibusdam minim",Pa$$w0rd!
rona@mailinator.com,"Amet animi volupta","Omnis in eligendi ea",Pa$$w0rd!
myrepobaq@mailinator.com,"Facilis sit nihil cu","Unde dolorum velit d",Pa$$w0rd!
filoguf@mailinator.com,"Autem dolores dolore","Eiusmod obcaecati de",Pa$$w0rd!
gywoweky@mailinator.com,asd,"Doloribus repellendu",Pa$$w0rd!
gujafa@mailinator.com,asd,"Eaque ea accusamus a",Pa$$w0rd!
qunoaaaaaaaaaaa@mailinator.com,"Proident autem est ","Et aute ullam culpa ",asd
alefthiago@gmail.com,alef,Lebronha,123
emmilysouzakathylen@gmail.com,emmily,emmi,123
